Anno;Provincia;AL;BE;BG;BM;EL;GA;IB;IG;ME;ND;Totale
2015;TORINO;21;734194;135100;24109;152;545208;2829;82;0;40;1441735
2015;VERCELLI;2;60872;7125;551;16;47195;156;9;0;4;115930
2015;NOVARA;7;124601;16313;2136;7;90520;540;15;0;6;234145
2015;CUNEO;7;182084;24190;1265;25;191058;709;40;0;23;399401
2015;ASTI;1;70332;8875;1349;7;63431;151;8;0;2;144156
2015;ALESSANDRIA;8;136515;18274;4651;15;119550;410;20;0;11;279454
2015;BIELLA;3;71494;6821;641;6;47335;189;5;0;3;126497
2015;VERBANO CUSIO OSSOLA;3;59955;4263;450;7;38548;125;10;0;1;103362
2015;AOSTA;1;68189;3102;432;14;73280;226;21;0;1;145266
2015;VARESE;8;357654;18148;2956;48;189968;2363;55;0;30;571230
2015;COMO;8;248348;9587;1622;36;122033;1869;46;0;15;383564
2015;SONDRIO;1;63810;1490;130;10;44105;169;12;0;3;109730
2015;MILANO;21;1024994;96384;15218;434;618183;11908;354;0;233;1767729
2015;BERGAMO;7;333838;37036;11803;74;263625;2347;52;0;29;648811
2015;BRESCIA;13;358481;56320;14503;91;329757;1946;84;0;25;761220
2015;PAVIA;12;172640;19368;5096;19;138883;777;25;0;10;336830
2015;CREMONA;5;102275;11748;3787;12;94955;743;22;0;9;213556
2015;MANTOVA;4;120054;17068;5814;16;116274;511;16;0;8;259765
2015;LECCO;1;119038;6955;906;26;83162;719;30;0;4;210841
2015;LODI;3;64374;8735;1887;7;58737;365;11;0;9;134128
2015;MONZA BRIANZA;1;308503;25407;3770;56;186353;2245;80;0;30;526445
2015;BOLZANO;14;155939;7930;2540;260;255007;1867;85;0;10;423652
2015;TRENTO;4;160095;16402;4067;522;277552;3163;297;0;15;462117
2015;VERONA;11;249024;43591;29229;56;259174;1778;58;0;29;582950
2015;VICENZA;6;261004;33936;9885;69;246037;1830;63;0;5;552835
2015;BELLUNO;3;61817;4544;564;7;63258;208;7;0;0;130408
2015;TREVISO;10;263385;35862;8598;65;249590;1543;49;0;11;559113
2015;VENEZIA;4;221553;38973;9627;32;181684;1123;36;0;11;453043
2015;PADOVA;9;269714;52232;18432;50;235884;1751;75;0;13;578160
2015;ROVIGO;0;60905;13742;15611;8;64272;249;16;0;4;154807
2015;UDINE;9;209282;8343;1051;28;135166;923;25;0;6;354833
2015;GORIZIA;2;59522;1114;81;5;26786;296;2;0;1;87809
2015;TRIESTE;2;88683;1470;102;5;35028;413;7;0;5;125715
2015;PORDENONE;6;107142;8420;1754;11;87386;528;8;0;7;205262
2015;IMPERIA;4;74628;2544;111;7;45458;200;9;0;0;122961
2015;SAVONA;1;89449;5572;1478;6;67976;200;12;0;2;164696
2015;GENOVA;6;243010;11679;3659;26;158336;772;14;0;8;417510
2015;LA SPEZIA;0;65079;7101;3705;8;46781;167;9;0;5;122855
2015;PIACENZA;6;80687;14482;7523;8;75410;489;11;0;10;178626
2015;PARMA;16;115625;18705;27033;34;115613;753;34;0;3;277816
2015;REGGIO EMILIA;11;143063;38905;24183;131;133607;992;55;0;3;340950
2015;MODENA;3;203074;42912;25579;41;178409;1312;44;0;7;451381
2015;BOLOGNA;7;266427;63709;51713;119;204782;3805;83;0;19;590664
2015;FERRARA;5;95422;26189;17714;9;84629;425;14;0;4;224411
2015;RAVENNA;5;106463;27433;25753;34;95525;542;18;0;1;255774
2015;FORLI'-CESENA;8;108991;26839;19003;24;93749;482;11;0;3;249110
2015;RIMINI;7;100924;21278;12404;20;70321;539;8;0;4;205505
2015;MASSA CARRARA;0;62989;7889;4319;5;43473;145;1;0;2;118823
2015;LUCCA;0;135879;13688;11307;25;89837;372;25;0;7;251140
2015;PISTOIA;0;94448;11133;6887;9;69954;253;9;0;2;182695
2015;FIRENZE;15;314666;35831;20462;316;300992;2566;168;0;26;675042
2015;LIVORNO;5;105294;9819;5515;11;76679;276;12;0;11;197622
2015;PISA;3;128200;17226;10899;29;108816;358;5;0;4;265540
2015;AREZZO;7;108912;13596;13447;11;96249;335;15;0;11;232583
2015;SIENA;6;85715;8549;6067;14;83354;291;18;0;9;184023
2015;GROSSETO;4;69459;7504;2843;5;63901;132;5;0;4;143857
2015;PRATO;2;84839;9367;4061;12;54838;449;15;0;4;153587
2015;PERUGIA;3;196423;24616;32271;25;209969;583;25;0;16;463931
2015;TERNI;2;73234;12124;5594;5;61647;201;6;0;3;152816
2015;PESARO E URBINO;4;101643;13684;22376;16;91533;300;10;0;2;229568
2015;ANCONA;1;121801;15346;43489;29;117928;448;13;0;10;299065
2015;MACERATA;2;81199;9311;30551;16;89520;201;11;0;3;210814
2015;ASCOLI PICENO;1;60890;9076;9600;11;60553;194;2;0;1;140328
2015;FERMO;0;45143;6297;15652;5;49800;85;7;0;1;116990
2015;VITERBO;5;105244;11354;1261;11;106089;282;6;0;2;224254
2015;RIETI;0;51682;7460;1219;7;47675;63;5;0;2;108113
2015;ROMA;21;1413111;157961;18578;730;1064211;9906;200;0;456;2665174
2015;LATINA;1;163456;22134;4689;16;168719;414;15;0;5;359449
2015;FROSINONE;2;157191;23326;4600;10;159909;208;11;0;65;345322
2015;L'AQUILA;4;90282;12525;2890;3;99785;174;6;0;2;205671
2015;TERAMO;0;88497;13292;10280;18;90489;250;8;0;2;202836
2015;PESCARA;2;92953;12493;5717;9;79837;213;8;0;0;191232
2015;CHIETI;2;109968;14660;5452;13;120452;249;11;0;11;250818
2015;CAMPOBASSO;3;56294;7670;4887;1;74003;69;10;0;0;142937
2015;ISERNIA;0;25095;2651;345;0;33425;23;2;0;1;61542
2015;CASERTA;3;241903;36486;9695;8;247260;309;14;0;20;535698
2015;BENEVENTO;0;72065;9406;4126;5;92211;53;8;0;4;177878
2015;NAPOLI;12;941762;130097;31681;73;617472;712;31;0;133;1721973
2015;AVELLINO;2;105264;14983;7554;21;132379;95;7;0;3;260308
2015;SALERNO;3;295106;34810;16841;28;304003;271;18;0;23;651103
2015;FOGGIA;2;131666;13553;10274;10;167071;242;9;0;6;322833
2015;BARI;7;295984;36637;24019;42;321454;535;29;0;29;678736
2015;TARANTO;2;145834;14498;3726;10;158498;94;8;0;13;322683
2015;BRINDISI;0;111276;10661;4519;8;112824;74;6;0;17;239385
2015;LECCE;7;231253;28261;11575;26;217068;176;12;0;25;488403
2015;BARLETTA TRANI;0;98576;8196;2167;8;98777;164;0;0;4;207892
2015;POTENZA;1;103968;9883;3753;6;122550;78;15;0;3;240257
2015;MATERA;0;49143;3811;1862;3;65896;63;6;0;0;120784
2015;COSENZA;4;212827;13085;2571;25;229106;162;14;0;23;457817
2015;CATANZARO;0;107931;6931;626;5;105738;120;15;0;9;221375
2015;REGGIO CALABRIA;4;179706;9867;1248;7;153093;240;6;0;15;344186
2015;CROTONE;0;44294;2996;267;6;49704;70;1;0;1;97339
2015;VIBO VALENTIA;0;51821;2707;124;2;47501;32;7;0;2;102196
2015;TRAPANI;1;146512;9060;316;7;118898;71;3;0;7;274875
2015;PALERMO;4;411914;31988;3428;87;280889;583;13;0;35;728941
2015;MESSINA;2;230458;11951;1217;18;157429;152;10;0;25;401262
2015;AGRIGENTO;2;139261;6103;472;4;130828;50;2;0;7;276729
2015;CALTANISSETTA;0;79506;3919;917;3;74184;32;4;0;4;158569
2015;ENNA;0;50449;2253;150;1;49108;6;6;0;1;101974
2015;CATANIA;2;422013;29087;6759;51;306117;276;17;0;30;764352
2015;RAGUSA;1;106746;5871;1794;14;93924;137;6;0;15;208508
2015;SIRACUSA;1;131626;6809;1271;12;114307;185;8;0;10;254229
2015;SASSARI;1;111138;5574;69;13;80314;152;3;0;10;197274
2015;NUORO;0;50284;1957;48;4;48618;64;2;0;0;100977
2015;CAGLIARI;0;188051;9398;118;37;142290;360;8;0;18;340280
2015;ORISTANO;0;51807;2500;43;5;45154;27;1;0;0;99537
2015;OLBIA TEMPIO;2;62565;2521;88;5;40464;57;1;0;5;105708
2015;OGLIASTRA;0;19998;741;28;3;16850;12;0;0;0;37632
2015;MEDIO CAMPIDANO;0;28116;1640;16;0;26198;11;1;0;1;55983
2015;CARBONIA IGLESIAS;0;39710;1815;35;2;32536;29;0;0;1;74128
2015;NON DEFINITO;0;10213;225;60;0;2379;0;0;0;4022;16899
;Totale;454;18568405;2137078;883190;4584;15666309;82381;2967;0;5865;37351233
2017;TORINO;25;729067;147118;23061;290;598693;7230;113;0;40;1505637
2017;VERCELLI;3;59488;7511;572;21;50204;391;10;0;4;118204
2017;NOVARA;6;123163;16995;2216;25;96518;1124;23;0;5;240075
2017;CUNEO;7;178074;25673;1285;57;203344;1637;51;0;19;410147
2017;ASTI;1;68771;9702;1338;12;67301;310;9;0;2;147446
2017;ALESSANDRIA;8;132867;19252;4550;23;126973;853;25;0;11;284562
2017;BIELLA;3;69912;7205;685;10;49854;437;7;0;3;128116
2017;VERBANO CUSIO OSSOLA;2;58870;4263;485;8;41079;262;7;0;1;104977
2017;AOSTA;1;76677;3221;408;36;86374;528;23;0;1;167269
2017;VARESE;7;358644;18486;3028;83;198944;5199;70;0;27;584488
2017;COMO;8;250613;9862;1734;73;129073;3637;55;0;15;395070
2017;SONDRIO;1;63724;1521;177;16;47290;388;20;0;3;113140
2017;MILANO;18;1020959;98890;15478;811;648859;21548;344;0;216;1807123
2017;BERGAMO;9;335972;39338;12101;119;277616;5008;74;0;23;670260
2017;BRESCIA;17;355912;60034;15287;186;351635;4288;108;0;23;787490
2017;PAVIA;10;171370;19750;5062;30;147700;1707;34;0;10;345673
2017;CREMONA;5;100846;12444;3846;25;100579;1409;25;0;9;219188
2017;MANTOVA;6;117860;18446;6209;39;123053;1269;24;0;8;266914
2017;LECCO;3;119377;7326;967;54;87312;1494;44;0;4;216581
2017;LODI;3;63726;9217;1846;14;62752;683;13;0;9;138263
2017;MONZA BRIANZA;1;309910;26160;3769;92;194641;4834;107;0;29;539543
2017;BOLZANO;15;168595;7865;3081;546;321214;1808;84;0;10;503218
2017;TRENTO;6;176150;18215;5447;823;341328;7023;250;0;12;549254
2017;VERONA;11;242666;46367;30138;118;281570;3678;87;0;28;604663
2017;VICENZA;5;254168;35798;10529;141;264754;4495;87;0;5;569982
2017;BELLUNO;4;60417;4704;614;11;67743;519;14;0;0;134026
2017;TREVISO;9;257953;37532;8975;133;268038;3386;64;0;11;576101
2017;VENEZIA;4;214716;40197;9948;78;198316;2593;41;0;11;465904
2017;PADOVA;10;262476;55111;19193;119;255276;3877;86;0;13;596161
2017;ROVIGO;0;57916;14627;16181;10;68564;577;19;0;4;157898
2017;UDINE;12;204696;8953;1194;62;147088;1795;33;0;6;363839
2017;GORIZIA;2;58186;1214;99;13;29229;404;4;0;1;89152
2017;TRIESTE;2;87035;1508;106;7;38232;747;9;0;5;127651
2017;PORDENONE;7;104932;8847;1832;19;95056;1123;20;0;7;211843
2017;IMPERIA;5;73156;2657;121;6;47996;471;6;0;0;124418
2017;SAVONA;0;87476;5937;1445;13;71414;476;14;0;2;166777
2017;GENOVA;7;236410;12045;3693;43;167242;1902;20;0;6;421368
2017;LA SPEZIA;0;63738;7919;3819;15;49709;405;9;0;5;125619
2017;PIACENZA;5;78943;15816;7542;13;79897;1052;6;0;5;183279
2017;PARMA;19;113233;21918;27632;55;122210;1608;51;0;2;286728
2017;REGGIO EMILIA;14;139017;39628;24008;144;140558;2128;42;0;3;345542
2017;MODENA;3;195995;46004;25470;83;192907;2944;56;0;6;463468
2017;BOLOGNA;10;257405;65908;51278;168;226336;8442;116;0;18;609681
2017;FERRARA;5;91357;26685;17822;13;91362;1040;12;0;4;228300
2017;RAVENNA;6;102099;28765;25751;41;105053;1167;27;0;1;262910
2017;FORLI'-CESENA;9;103755;28479;19240;45;102453;988;10;0;3;254982
2017;RIMINI;7;98126;22700;13189;34;76421;1142;11;0;4;211634
2017;MASSA CARRARA;0;60821;8545;4349;9;45880;319;4;0;2;119929
2017;LUCCA;1;131864;15520;11501;48;96817;837;27;0;7;256622
2017;PISTOIA;0;91489;12449;6913;14;75151;460;12;0;2;186490
2017;FIRENZE;17;308656;38445;20513;528;357747;4891;123;0;25;730945
2017;LIVORNO;4;102228;10490;5485;16;82230;559;16;0;11;201039
2017;PISA;3;124386;19315;11146;21;116068;753;9;0;4;271705
2017;AREZZO;7;105052;14977;13710;18;102978;703;13;0;11;237469
2017;SIENA;6;82173;9219;6286;24;88670;603;20;0;9;187010
2017;GROSSETO;4;67403;7731;2911;9;68192;285;7;0;3;146545
2017;PRATO;2;82174;10131;4004;33;59940;916;14;0;4;157218
2017;PERUGIA;5;187929;27568;35557;59;223734;1368;44;0;15;476279
2017;TERNI;2;70221;12807;5924;11;65581;443;11;0;2;155002
2017;PESARO E URBINO;3;96307;15368;23831;22;98000;643;15;0;0;234189
2017;ANCONA;1;115025;17245;46355;42;125500;1037;20;0;10;305235
2017;MACERATA;3;76510;10228;32336;24;95784;458;14;0;3;215360
2017;ASCOLI PICENO;0;57986;9815;10184;14;64254;397;2;0;1;142653
2017;FERMO;0;42713;6773;16426;6;52622;184;4;0;0;118728
2017;VITERBO;6;101816;12509;1367;11;112182;604;11;0;2;228508
2017;RIETI;0;49448;8204;1296;8;50955;148;8;0;1;110068
2017;ROMA;19;1375854;180697;19939;1014;1100951;21892;213;0;444;2701023
2017;LATINA;1;158369;24169;4795;28;179662;965;17;0;5;368011
2017;FROSINONE;1;152036;25383;5014;18;171040;467;14;0;53;354026
2017;L'AQUILA;4;87673;13114;3024;9;105570;397;8;0;2;209801
2017;TERAMO;0;85553;14601;11129;23;96753;497;7;0;2;208565
2017;PESCARA;3;90325;13877;6254;15;84847;477;13;0;0;195811
2017;CHIETI;2;107112;15979;5791;17;127061;482;16;0;11;256471
2017;CAMPOBASSO;3;54098;8362;5209;5;78916;180;8;0;0;146781
2017;ISERNIA;0;24516;2834;422;2;35706;45;3;0;1;63529
2017;CASERTA;3;238304;41782;10816;11;260935;520;14;0;19;552404
2017;BENEVENTO;0;69181;10312;4513;7;97268;120;5;0;4;181410
2017;NAPOLI;12;928098;148758;36229;90;653145;1555;32;0;131;1768050
2017;AVELLINO;3;100927;16433;8279;25;139536;170;11;0;3;265387
2017;SALERNO;3;285278;40548;19162;45;325079;590;25;0;23;670753
2017;FOGGIA;2;126201;14968;11303;12;181153;567;14;0;6;334226
2017;BARI;6;282022;40230;25846;46;347691;1197;44;0;28;697110
2017;TARANTO;3;140596;16225;4403;17;171028;216;9;0;13;332510
2017;BRINDISI;0;106712;11810;5253;15;123083;200;9;0;17;247099
2017;LECCE;7;220960;31826;13093;35;237164;398;16;0;22;503521
2017;BARLETTA TRANI;0;94337;8792;2406;10;108735;420;3;0;4;214707
2017;POTENZA;1;100111;11053;4612;13;130637;160;26;0;3;246616
2017;MATERA;0;47265;4117;2096;4;70794;144;5;0;0;124425
2017;COSENZA;5;208074;13597;2894;31;248477;333;13;0;23;473447
2017;CATANZARO;0;104921;7112;710;8;114474;276;18;0;8;227527
2017;REGGIO CALABRIA;4;175149;10387;1453;7;165116;549;5;0;13;352683
2017;CROTONE;0;43874;3070;304;8;53385;128;1;0;0;100770
2017;VIBO VALENTIA;0;50656;2794;143;1;51599;70;5;0;2;105270
2017;TRAPANI;1;144510;9415;382;9;128575;213;5;0;7;283117
2017;PALERMO;5;402239;35692;3946;94;303382;1264;15;0;35;746672
2017;MESSINA;2;226100;12958;1406;25;170394;360;14;0;24;411283
2017;AGRIGENTO;3;134822;6137;510;6;142827;136;6;0;7;284454
2017;CALTANISSETTA;0;76553;3861;967;4;80378;81;4;0;4;161852
2017;ENNA;0;48545;2287;162;2;53108;28;10;0;1;104143
2017;CATANIA;2;414478;31139;7670;56;336765;721;17;0;30;790878
2017;RAGUSA;1;104584;6208;2031;25;102138;400;6;0;14;215407
2017;SIRACUSA;1;127887;7285;1439;18;123118;467;10;0;10;260235
2017;SASSARI;3;169882;8195;181;30;132906;503;8;0;15;311723
2017;NUORO;0;68017;2728;82;9;70478;201;5;0;0;141520
2017;CAGLIARI;0;147458;7287;93;59;115962;803;11;0;13;271686
2017;ORISTANO;0;50018;2411;38;6;48824;90;2;0;0;101389
2017;NON DEFINITO;0;10307;234;78;0;2373;0;0;0;4012;17004
2017;SUD SARDEGNA;0;102342;5201;82;7;103658;171;0;0;6;211467
;Totale;485;18196563;2309020;926704;7560;16896736;174087;3405;0;5761;38520321
2018;TORINO;26;715954;156830;23049;516;584281;11209;150;0;36;1492051
2018;VERCELLI;3;59171;7745;593;24;50847;618;15;0;4;119020
2018;NOVARA;6;123337;17028;2275;44;97756;1791;42;0;5;242284
2018;CUNEO;10;177798;26742;1323;83;206825;2482;65;0;17;415345
2018;ASTI;1;68480;10117;1363;22;68560;489;10;0;2;149044
2018;ALESSANDRIA;8;132108;19675;4552;39;128719;1361;50;0;11;286523
2018;BIELLA;3;69631;7434;692;12;50434;731;13;0;3;128953
2018;VERBANO CUSIO OSSOLA;2;58807;4206;504;13;41665;449;17;0;1;105664
2018;AOSTA;1;77971;3060;400;33;104695;823;21;0;1;187005
2018;VARESE;7;362624;18499;3076;121;198382;7614;105;0;27;590455
2018;COMO;9;251993;9809;1803;113;129631;5019;78;0;15;398470
2018;SONDRIO;1;63899;1551;180;24;48087;574;25;0;3;114344
2018;MILANO;20;1031236;98754;15699;914;637403;28107;399;0;211;1812743
2018;BERGAMO;9;342091;40640;12443;189;279954;7013;107;0;20;682466
2018;BRESCIA;16;358529;61963;15681;288;355583;6171;174;0;23;798428
2018;PAVIA;10;172986;19930;5074;40;149172;2476;43;0;10;349741
2018;CREMONA;5;100995;12759;3853;47;102010;1932;35;0;9;221645
2018;MANTOVA;6;118013;19216;6422;54;125291;1769;39;0;6;270816
2018;LECCO;2;120450;7447;988;80;86092;2106;56;0;3;217224
2018;LODI;3;64066;9401;1916;24;63838;894;17;0;9;140168
2018;MONZA BRIANZA;4;316391;26638;3837;139;195115;6821;135;0;29;549109
2018;BOLZANO;15;165840;7612;3070;661;312091;1976;83;0;9;491357
2018;TRENTO;7;191245;20925;6133;2166;397534;7406;194;0;11;625621
2018;VERONA;9;242796;47950;30774;181;287854;5082;167;0;25;614838
2018;VICENZA;5;252306;36600;10882;220;270871;6327;124;0;4;577339
2018;BELLUNO;3;59829;4732;658;16;69229;769;25;0;0;135261
2018;TREVISO;9;258250;38457;9341;207;276734;4941;102;0;11;588052
2018;VENEZIA;4;213181;41254;10115;123;202881;3696;59;0;11;471324
2018;PADOVA;10;260767;56776;19670;180;260126;5611;137;0;13;603290
2018;ROVIGO;0;56618;15077;16406;16;70270;816;24;0;4;159231
2018;UDINE;12;203677;9139;1205;85;151400;2469;46;0;6;368039
2018;GORIZIA;2;57961;1239;106;16;30042;518;4;0;1;89889
2018;TRIESTE;3;86484;1497;118;15;39273;1057;13;0;5;128465
2018;PORDENONE;7;104052;9011;1900;39;97708;1654;39;0;7;214417
2018;IMPERIA;5;72993;2709;134;11;48756;689;9;0;0;125306
2018;SAVONA;0;87276;6127;1422;13;72196;775;14;0;2;167825
2018;GENOVA;7;234402;12187;3712;98;168474;2839;33;0;6;421758
2018;LA SPEZIA;0;63337;8216;3869;17;50674;557;14;0;5;126689
2018;PIACENZA;5;78740;16429;7515;22;81106;1432;19;0;4;185272
2018;PARMA;20;113351;23794;27945;87;122764;2282;84;0;2;290329
2018;REGGIO EMILIA;14;138248;40139;23655;179;143005;3021;58;0;2;348321
2018;MODENA;3;195929;47857;25331;116;197242;4403;88;0;6;470975
2018;BOLOGNA;12;255442;67179;50801;249;230627;11102;147;0;18;615577
2018;FERRARA;5;90012;27117;17907;24;93872;1515;20;0;4;230476
2018;RAVENNA;7;100822;29376;25656;51;108987;1700;31;0;1;266631
2018;FORLI'-CESENA;9;102563;29255;19229;56;105756;1355;22;0;3;258248
2018;RIMINI;8;97411;23556;13403;52;78112;1531;20;0;4;214097
2018;MASSA CARRARA;0;60356;8805;4346;14;46679;441;11;0;2;120654
2018;LUCCA;1;130942;16404;11327;59;99094;1202;47;0;7;259083
2018;PISTOIA;0;90934;12888;6903;26;77720;646;17;0;2;189136
2018;FIRENZE;16;311478;39598;21000;1406;373330;5756;95;0;25;752704
2018;LIVORNO;4;101507;10699;5404;21;84073;781;22;0;11;202522
2018;PISA;3;123983;20198;11189;31;118834;1125;21;0;4;275388
2018;AREZZO;10;103579;15735;13751;28;105630;934;20;0;11;239698
2018;SIENA;6;81170;9450;6405;26;90454;861;25;0;9;188406
2018;GROSSETO;4;66642;7895;2909;14;69974;401;9;0;3;147851
2018;PRATO;2;81308;10382;3891;27;61702;1202;19;0;4;158537
2018;PERUGIA;5;185000;29363;36674;91;229131;1987;68;0;15;482334
2018;TERNI;4;68999;13577;6128;13;66921;631;16;0;2;156291
2018;PESARO E URBINO;4;95083;16476;24372;35;100844;984;32;0;0;237830
2018;ANCONA;1;111947;18503;47501;54;127927;1437;45;0;9;307424
2018;MACERATA;3;74347;10841;33315;36;98469;693;28;0;3;217735
2018;ASCOLI PICENO;0;56827;10165;10282;20;66021;530;7;0;1;143853
2018;FERMO;0;41870;7123;16855;14;53908;329;8;0;0;120107
2018;VITERBO;5;99812;13291;1454;15;114485;826;15;0;2;229905
2018;RIETI;0;48174;8586;1337;9;52164;235;10;0;1;110516
2018;ROMA;19;1354900;194031;20991;1389;1102557;29038;252;0;437;2703614
2018;LATINA;1;154357;25142;4817;47;183691;1395;19;0;4;369473
2018;FROSINONE;1;148332;26940;5234;24;175157;695;21;0;45;356449
2018;L'AQUILA;4;86819;13542;3126;17;107978;591;11;0;2;212090
2018;TERAMO;0;84518;15342;11389;26;99666;673;13;0;2;211629
2018;PESCARA;3;89346;14498;6433;23;86983;748;19;0;0;198053
2018;CHIETI;3;106141;17069;5928;24;129908;698;22;0;11;259804
2018;CAMPOBASSO;3;53081;8851;5298;8;81290;266;11;0;0;148808
2018;ISERNIA;1;24187;3006;430;3;36719;71;4;0;1;64422
2018;CASERTA;3;235300;45401;11318;16;270056;656;22;0;19;562791
2018;BENEVENTO;0;68089;11154;4654;11;99523;182;8;0;4;183625
2018;NAPOLI;12;919233;159862;37816;106;672157;2149;59;0;131;1791525
2018;AVELLINO;3;99406;17885;8570;27;142735;260;20;0;3;268909
2018;SALERNO;3;280791;44017;20115;55;336767;839;38;0;21;682646
2018;FOGGIA;2;123489;15815;11740;12;189255;798;31;0;6;341148
2018;BARI;7;275436;42682;26349;62;362288;1707;79;0;28;708638
2018;TARANTO;2;138012;17088;4708;21;177975;323;21;0;13;338163
2018;BRINDISI;0;104402;12323;5480;18;128957;286;18;0;17;251501
2018;LECCE;7;215476;33973;13644;52;247713;561;32;0;22;511480
2018;BARLETTA TRANI;0;91988;9180;2574;13;114299;608;5;0;4;218671
2018;POTENZA;1;98575;11639;4855;16;134466;258;32;0;3;249845
2018;MATERA;0;46467;4377;2174;8;73402;189;7;0;0;126624
2018;COSENZA;5;206074;13902;3028;38;258225;469;34;0;23;481798
2018;CATANZARO;0;104059;7233;758;12;119036;389;21;0;8;231516
2018;REGGIO CALABRIA;4;172826;10779;1542;10;171627;759;13;0;13;357573
2018;CROTONE;0;43749;3138;329;7;55474;190;1;0;0;102888
2018;VIBO VALENTIA;0;50106;2887;158;3;53885;110;9;0;2;107160
2018;TRAPANI;1;143377;9530;427;16;133357;343;9;0;7;287067
2018;PALERMO;6;397097;37454;4132;115;314207;1742;26;0;35;754814
2018;MESSINA;3;223843;13381;1519;32;177036;507;25;0;23;416369
2018;AGRIGENTO;3;132508;6215;533;9;149600;184;12;0;7;289071
2018;CALTANISSETTA;0;75405;3907;985;3;83823;132;5;0;4;164264
2018;ENNA;0;47616;2290;185;2;55130;47;14;0;1;105285
2018;CATANIA;2;411803;31884;8010;67;353236;1082;34;0;30;806148
2018;RAGUSA;1;103485;6367;2112;36;106535;555;13;0;14;219118
2018;SIRACUSA;1;126559;7461;1512;17;128401;685;14;0;10;264660
2018;SASSARI;3;168175;8275;205;45;139248;737;13;0;14;316715
2018;NUORO;0;67309;2734;88;11;73577;306;8;0;0;144033
2018;CAGLIARI;0;146392;7206;102;78;119978;1172;16;0;13;274957
2018;ORISTANO;0;49242;2393;39;6;51041;145;2;0;0;102868
2018;NON DEFINITO;0;10147;230;73;0;2335;0;0;0;4008;16793
2018;SUD SARDEGNA;0;101265;5124;81;13;108311;261;5;0;6;215066
;Totale;505;18083402;2409840;945184;12156;17316888;239779;4705;0;5711;39018170
2019;TORINO;27;730002;168835;22951;891;541855;14562;513;0;35;1479671
2019;VERCELLI;3;59331;8186;628;63;50281;944;54;0;4;119494
2019;NOVARA;7;124647;17217;2322;84;97005;2503;144;0;5;243934
2019;CUNEO;10;179148;28134;1392;179;207430;3249;232;0;16;419790
2019;ASTI;1;68856;10777;1361;39;68705;703;46;0;2;150490
2019;ALESSANDRIA;8;132668;20336;4548;72;129165;1920;163;0;11;288891
2019;BIELLA;3;69815;7639;700;22;50018;1052;58;0;3;129310
2019;VERBANO CUSIO OSSOLA;2;58954;4126;516;24;42097;668;54;0;1;106442
2019;AOSTA;1;84816;3185;396;66;124210;1175;54;0;1;213904
2019;VARESE;7;370616;18818;3177;267;191332;10484;295;0;25;595021
2019;COMO;9;256927;9978;1921;269;126530;6586;255;0;15;402490
2019;SONDRIO;1;64472;1570;197;67;48536;835;51;0;3;115732
2019;MILANO;21;1067240;102414;16731;1619;596913;36397;1189;0;207;1822731
2019;BERGAMO;9;350226;42010;12640;370;276645;8998;414;0;19;691331
2019;BRESCIA;16;365840;64486;16139;561;354341;8149;586;0;23;810141
2019;PAVIA;10;176893;20650;5123;94;147209;3403;137;0;10;353529
2019;CREMONA;5;102751;13238;3887;99;101721;2563;196;0;8;224468
2019;MANTOVA;5;119852;20296;6696;113;125366;2375;169;0;6;274878
2019;LECCO;2;123319;7560;1037;136;83456;2855;117;0;3;218485
2019;LODI;3;65813;9954;1923;44;63154;1174;78;0;9;142152
2019;MONZA BRIANZA;5;330087;28123;4023;315;189577;9006;355;0;30;561521
2019;BOLZANO;14;181111;7627;3392;1024;300540;2473;365;0;9;496555
2019;TRENTO;7;212233;23329;7138;4582;420866;8127;322;0;10;676614
2019;VERONA;10;247478;51265;32068;381;283175;6904;520;0;24;621825
2019;VICENZA;7;253600;37965;11502;393;271446;8332;463;0;3;583711
2019;BELLUNO;3;60273;4801;706;33;69620;1005;81;0;0;136522
2019;TREVISO;9;260169;39542;9731;382;279152;6701;455;0;11;596152
2019;VENEZIA;4;213935;42742;10424;209;203330;4876;339;0;10;475869
2019;PADOVA;10;262477;59228;20173;376;260314;7593;508;0;13;610692
2019;ROVIGO;0;56131;15950;16639;39;70522;1083;88;0;4;160456
2019;UDINE;12;202664;9244;1252;184;152725;3349;201;0;6;369637
2019;GORIZIA;3;58073;1264;105;40;30883;718;23;0;1;91110
2019;TRIESTE;3;86334;1511;147;43;39738;1513;47;0;5;129341
2019;PORDENONE;6;103676;9330;2032;82;99238;2252;147;0;7;216770
2019;IMPERIA;5;73409;2732;159;24;49347;963;29;0;0;126668
2019;SAVONA;0;87847;6318;1381;42;72381;1073;75;0;2;169119
2019;GENOVA;9;234656;12597;3687;213;166586;4005;182;0;6;421941
2019;LA SPEZIA;0;63527;8688;3837;30;50970;754;64;0;4;127874
2019;PIACENZA;5;79552;16940;7490;55;81618;1837;138;0;2;187637
2019;PARMA;20;115149;26029;28145;145;122485;3131;276;0;2;295382
2019;REGGIO EMILIA;13;138508;41276;23199;318;143461;3977;242;0;2;350996
2019;MODENA;3;197092;49923;25056;253;198792;5948;376;0;6;477449
2019;BOLOGNA;13;256945;70160;50701;427;229986;13913;552;0;17;622714
2019;FERRARA;4;89037;27850;17916;49;95072;2086;133;0;4;232151
2019;RAVENNA;7;100823;30966;25544;105;111249;2266;201;0;1;271162
2019;FORLI'-CESENA;8;102415;30526;19044;97;107853;1864;159;0;3;261969
2019;RIMINI;8;98090;25385;13769;93;79174;2031;115;0;4;218669
2019;MASSA CARRARA;0;60459;9165;4329;27;47422;602;75;0;2;122081
2019;LUCCA;1;130757;17576;11128;86;100070;1650;177;0;7;261452
2019;PISTOIA;1;90789;13517;6837;52;79367;909;127;0;2;191601
2019;FIRENZE;16;321244;41404;21161;2385;383520;6946;369;0;25;777070
2019;LIVORNO;4;101661;11216;5334;35;84936;1039;95;0;11;204331
2019;PISA;3;124432;21319;11091;54;120783;1589;166;0;4;279441
2019;AREZZO;7;102484;16850;13717;51;107577;1249;114;0;11;242060
2019;SIENA;7;80717;9936;6507;42;91423;1177;102;0;9;189920
2019;GROSSETO;4;66311;8281;2972;28;71328;551;71;0;3;149549
2019;PRATO;2;81241;10600;3789;52;63033;1576;116;0;4;160413
2019;PERUGIA;7;182103;31613;37787;157;232280;2677;272;0;15;486911
2019;TERNI;4;67822;14797;6326;33;67523;806;72;0;2;157385
2019;PESARO E URBINO;4;94224;18163;25021;70;101570;1333;141;0;0;240526
2019;ANCONA;2;109734;20062;48485;85;128600;1966;171;0;9;309114
2019;MACERATA;3;72752;11695;34425;55;100045;967;142;0;3;220087
2019;ASCOLI PICENO;1;56098;10922;10358;32;66982;696;48;0;1;145138
2019;FERMO;0;41145;7609;17337;31;55103;460;54;0;0;121739
2019;VITERBO;6;98631;14754;1534;37;115986;1049;81;0;2;232080
2019;RIETI;0;47562;9213;1393;19;53190;307;31;0;1;111716
2019;ROMA;19;1365166;217121;21833;2414;1093028;37842;1117;0;435;2738975
2019;LATINA;1;153054;27547;4883;100;188557;1818;127;0;4;376091
2019;FROSINONE;2;145216;29854;5445;56;177852;936;106;0;43;359510
2019;L'AQUILA;4;86205;14243;3198;36;109651;794;76;0;2;214209
2019;TERAMO;0;83275;16550;11707;36;101944;897;81;0;2;214492
2019;PESCARA;3;88986;15586;6607;47;88360;1050;106;0;0;200745
2019;CHIETI;3;105154;18456;6127;68;131560;985;76;0;11;262440
2019;CAMPOBASSO;3;51890;9429;5331;13;82643;367;33;0;0;149709
2019;ISERNIA;1;23669;3260;437;9;37585;100;14;0;1;65076
2019;CASERTA;3;232125;52309;11766;94;279233;910;131;0;18;576589
2019;BENEVENTO;1;66630;12566;4817;17;100743;266;42;0;4;185086
2019;NAPOLI;13;904485;181163;39475;188;687862;2926;351;0;129;1816592
2019;AVELLINO;3;97082;20868;9003;32;143399;400;91;0;2;270880
2019;SALERNO;4;276198;49301;20912;90;344969;1173;227;0;21;692895
2019;FOGGIA;2;120050;16770;12157;22;196701;1069;97;0;6;346874
2019;BARI;7;268858;45770;26903;139;374977;2338;316;0;27;719335
2019;TARANTO;1;134984;18129;4907;34;183952;504;102;0;13;342626
2019;BRINDISI;1;101627;13076;5732;32;133859;407;98;0;16;254848
2019;LECCE;8;209620;36297;13941;76;256417;808;174;0;22;517363
2019;BARLETTA TRANI;0;89463;9791;2692;21;119189;751;65;0;3;221975
2019;POTENZA;1;96578;12585;5059;35;136537;355;88;0;4;251242
2019;MATERA;0;45542;4654;2175;17;74884;267;38;0;0;127577
2019;COSENZA;5;205066;14570;3182;56;266120;648;116;0;23;489786
2019;CATANZARO;0;103551;7560;829;19;122560;537;90;0;8;235154
2019;REGGIO CALABRIA;4;171520;11450;1622;24;177185;981;56;0;13;362855
2019;CROTONE;0;43858;3289;339;10;57822;239;20;0;0;105577
2019;VIBO VALENTIA;0;49840;3062;179;6;55668;144;29;0;2;108930
2019;TRAPANI;1;142454;9765;495;20;137825;484;44;0;7;291095
2019;PALERMO;5;393920;39518;4372;146;323826;2301;119;0;35;764242
2019;MESSINA;3;221717;13953;1631;65;182265;689;68;0;23;420414
2019;AGRIGENTO;3;130425;6333;551;12;154710;285;45;0;6;292370
2019;CALTANISSETTA;0;73955;3984;1007;7;86163;177;20;0;4;165317
2019;ENNA;0;46866;2379;197;3;56722;68;22;0;1;106258
2019;CATANIA;2;409490;33249;8342;108;370080;1528;164;0;30;822993
2019;RAGUSA;1;102828;6610;2190;49;110675;728;72;0;14;223167
2019;SIRACUSA;1;125392;7769;1581;30;132910;904;38;0;10;268635
2019;SASSARI;3;167622;8375;218;71;145459;1014;62;0;13;322837
2019;NUORO;1;66679;2763;91;24;76242;429;24;0;0;146253
2019;CAGLIARI;0;146490;7140;117;119;123301;1596;97;0;13;278873
2019;ORISTANO;0;48676;2403;44;18;52922;191;13;0;0;104267
2019;NON DEFINITO;0;10019;230;70;0;2307;0;0;0;4002;16628
2019;SUD SARDEGNA;0;100470;5148;100;21;112305;379;19;0;6;218448
;Totale;519;18174338;2574287;965340;22728;17467776;316209;18359;0;5676;39545232
2020;TORINO;28;725984;173578;20738;2541;503159;24970;1137;1802;34;1453971
2020;VERCELLI;3;59033;8415;498;131;49276;1756;88;109;4;119313
2020;NOVARA;8;125008;17455;1916;255;95558;4184;307;441;4;245136
2020;CUNEO;11;178780;28913;1186;473;205661;5378;462;219;16;421099
2020;ASTI;1;68751;11252;1248;129;68120;1412;112;133;2;151160
2020;ALESSANDRIA;8;131877;20881;4033;188;127611;3644;317;457;11;289027
2020;BIELLA;3;69171;7864;627;89;49422;1853;107;79;3;129218
2020;VERBANO CUSIO OSSOLA;2;58708;4092;438;80;41929;1322;104;87;1;106763
2020;AOSTA;1;86700;3044;334;254;128055;3135;113;84;1;221721
2020;VARESE;8;371959;19195;2616;865;185371;15580;647;685;25;596951
2020;COMO;12;258010;10159;1555;747;123404;9736;502;443;14;404582
2020;SONDRIO;1;64494;1559;158;170;48703;1629;106;51;3;116874
2020;MILANO;23;1074088;104442;13251;3741;565474;51944;2657;3852;204;1819676
2020;BERGAMO;9;352208;42751;10040;1077;271520;12911;916;2683;18;694133
2020;BRESCIA;21;367506;65684;12399;1437;350044;12168;1228;4006;23;814516
2020;PAVIA;11;178200;21218;4316;286;143955;5528;337;828;10;354689
2020;CREMONA;5;102771;13532;3022;288;100193;3916;426;859;8;225020
2020;MANTOVA;4;120312;20962;5349;320;124691;3434;366;1531;6;276975
2020;LECCO;3;124489;7659;838;395;81123;4450;264;252;3;219476
2020;LODI;3;66528;10210;1573;149;61871;1947;185;346;9;142821
2020;MONZA BRIANZA;4;334940;29038;3242;881;183118;13312;754;907;30;566226
2020;BOLZANO;17;175962;7376;1876;2306;269897;4430;1298;2897;9;466068
2020;TRENTO;7;224512;22279;4615;10115;422164;9471;815;2914;10;696902
2020;VERONA;12;248403;53254;25123;907;276426;10250;1119;7729;23;623246
2020;VICENZA;9;251708;38976;9299;918;268296;12165;1105;2646;3;585125
2020;BELLUNO;3;60031;4744;546;90;69289;1789;180;182;0;136854
2020;TREVISO;11;259999;40373;7580;832;277846;9794;1060;2437;11;599943
2020;VENEZIA;6;212975;43738;8589;488;201669;7482;805;2091;10;477853
2020;PADOVA;11;261479;60670;16450;835;258196;11354;1093;4152;13;614253
2020;ROVIGO;0;55430;16607;13981;96;69914;1670;232;2892;4;160826
2020;UDINE;14;200089;9444;1064;531;152678;5802;441;235;6;370304
2020;GORIZIA;3;57324;1318;103;101;31041;1426;64;18;1;91399
2020;TRIESTE;3;85129;1508;120;167;39606;2756;119;18;5;129431
2020;PORDENONE;6;102401;9468;1562;233;99215;3518;341;537;7;217288
2020;IMPERIA;5;73117;2785;146;67;49280;1741;66;25;0;127232
2020;SAVONA;1;87476;6390;1166;108;71565;2148;208;192;2;169256
2020;GENOVA;7;232949;12824;3221;431;162361;7719;429;406;6;420353
2020;LA SPEZIA;0;63547;8968;3230;109;50489;1541;146;599;4;128633
2020;PIACENZA;6;79424;17214;6479;163;81221;2722;312;924;2;188467
2020;PARMA;20;114601;27451;24132;339;121269;4787;549;3869;2;297019
2020;REGGIO EMILIA;15;137632;41794;19887;583;143424;5992;545;2855;2;352729
2020;MODENA;3;196054;50982;20960;613;197780;8952;849;3704;6;479903
2020;BOLOGNA;12;254797;71649;42333;967;226210;18894;1366;7989;17;624234
2020;FERRARA;6;87720;28513;15277;142;94737;3215;318;2620;4;232552
2020;RAVENNA;10;99946;31818;21397;280;111651;3458;425;3775;1;272761
2020;FORLI'-CESENA;8;101203;31288;15977;215;108322;3001;356;2840;3;263213
2020;RIMINI;8;97283;26364;11526;220;78806;3097;251;2371;4;219930
2020;MASSA CARRARA;0;60394;9446;3791;71;47309;1227;193;493;2;122926
2020;LUCCA;2;130167;18524;9612;191;99811;3089;393;1347;7;263143
2020;PISTOIA;2;90330;14057;5776;136;79952;1770;247;964;2;193236
2020;FIRENZE;15;330591;42687;17113;3998;377695;10406;826;4371;25;787727
2020;LIVORNO;4;101334;11497;4584;121;84656;2091;242;702;11;205242
2020;PISA;4;123811;22084;9275;167;120583;2967;369;1763;4;281027
2020;AREZZO;8;101180;17516;11821;148;107908;2151;269;1826;11;242838
2020;SIENA;7;80108;10269;5358;130;91206;2051;220;1146;9;190504
2020;GROSSETO;4;65737;8613;2596;81;71954;1122;138;384;3;150632
2020;PRATO;2;80251;10696;3084;122;62646;2497;312;622;4;160236
2020;PERUGIA;7;178813;33238;33299;357;233053;4678;525;5292;15;489277
2020;TERNI;4;66590;15406;5382;80;67337;1444;144;1080;2;157469
2020;PESARO E URBINO;5;92962;19112;20973;208;101276;2362;268;4399;0;241565
2020;ANCONA;2;106972;21557;41555;259;128260;3524;380;7551;9;310069
2020;MACERATA;2;71240;12272;29579;146;100125;1768;297;5715;3;221147
2020;ASCOLI PICENO;1;55253;11397;9138;104;67277;1286;127;1238;1;145822
2020;FERMO;0;40196;8002;15227;74;55472;798;126;2442;0;122337
2020;VITERBO;6;97745;15887;1322;100;116759;1828;168;245;2;234062
2020;RIETI;0;47049;9653;1189;43;53651;665;58;225;1;112534
2020;ROMA;30;1349458;233226;18032;5264;1058835;57542;2424;4504;437;2729752
2020;LATINA;1;152074;29284;4343;227;191326;3061;291;567;4;381178
2020;FROSINONE;2;142936;32034;5059;155;179062;1812;209;654;39;361962
2020;L'AQUILA;4;85926;14664;2873;114;110748;1560;167;428;2;216486
2020;TERAMO;0;82293;17327;10436;111;102449;1619;167;1450;2;215854
2020;PESCARA;3;88079;16290;5942;118;88476;1883;208;759;0;201758
2020;CHIETI;3;104536;19430;5433;146;132169;1833;159;777;11;264497
2020;CAMPOBASSO;3;51245;9981;4914;38;83283;687;80;454;0;150685
2020;ISERNIA;2;23067;3394;383;18;37564;210;30;44;1;64713
2020;CASERTA;3;227887;57099;11482;232;283804;1928;289;626;18;583368
2020;BENEVENTO;1;65395;13578;4563;39;101816;685;84;470;4;186635
2020;NAPOLI;14;891294;195797;39031;415;695188;5858;699;1964;129;1830389
2020;AVELLINO;3;95301;22930;8503;72;143751;947;157;731;2;272397
2020;SALERNO;6;272292;53767;19718;234;349176;2582;428;1907;21;700131
2020;FOGGIA;1;117646;17531;11229;46;202414;1730;213;1320;6;352136
2020;BARI;8;261749;47717;23965;331;381586;4472;675;3296;27;723826
2020;TARANTO;1;132983;18911;4269;96;188202;1175;231;856;13;346737
2020;BRINDISI;1;99300;13472;5336;75;136816;861;217;511;15;256604
2020;LECCE;8;203794;37863;12470;181;262146;1752;363;1775;22;520374
2020;BARLETTA TRANI;0;87525;10138;2432;48;122785;1200;138;360;3;224629
2020;POTENZA;1;94845;13212;4383;81;138166;954;159;846;4;252651
2020;MATERA;0;44759;4885;1942;46;75905;587;87;265;0;128476
2020;COSENZA;6;204125;15040;2870;149;271870;1609;261;450;23;496403
2020;CATANZARO;1;102770;7813;649;82;124480;1187;170;251;8;237411
2020;REGGIO CALABRIA;4;170417;12027;1546;60;181799;1724;139;172;12;367900
2020;CROTONE;0;43768;3406;331;12;59266;392;41;28;0;107244
2020;VIBO VALENTIA;1;49603;3203;175;14;56738;300;50;30;2;110116
2020;TRAPANI;2;141202;9983;495;65;141054;1040;133;48;7;294029
2020;PALERMO;5;390007;40893;3674;280;331246;4166;278;874;35;771458
2020;MESSINA;3;220473;14390;1341;139;185942;1492;169;383;23;424355
2020;AGRIGENTO;4;128193;6444;516;36;158576;748;85;43;6;294651
2020;CALTANISSETTA;0;72930;4040;966;23;87989;408;53;57;4;166470
2020;ENNA;0;46205;2439;193;13;58111;208;35;27;1;107232
2020;CATANIA;5;405542;33990;7722;292;381289;3071;317;874;29;833131
2020;RAGUSA;1;102048;6788;2038;108;113420;1440;157;230;14;226244
2020;SIRACUSA;1;124413;8073;1473;101;136323;1539;122;148;10;272203
2020;SASSARI;3;165960;8424;212;221;149153;1896;138;18;13;326038
2020;NUORO;1;65934;2781;84;98;78187;693;58;4;0;147840
2020;CAGLIARI;0;145682;7076;113;266;124800;2715;159;13;13;280837
2020;ORISTANO;0;48062;2394;44;72;54210;363;36;4;0;105185
2020;NON DEFINITO;0;9906;232;63;0;2301;0;0;2;4001;16505
2020;SUD SARDEGNA;0;99440;5079;93;73;114882;832;55;10;6;220470
;Totale;579;18072495;2678656;828026;53079;17385843;501868;40860;150806;5662;39717874
2021;TORINO;32;707423;178672;19711;5263;459980;45256;2214;2098;34;1420683
2021;VERCELLI;3;58278;8782;500;284;47843;3254;249;135;4;119332
2021;NOVARA;8;124042;17743;1852;678;92034;7372;610;547;4;244890
2021;CUNEO;11;177565;30234;1175;1122;198741;9662;947;294;15;419766
2021;ASTI;1;68070;11669;1187;278;66212;2900;242;158;2;150719
2021;ALESSANDRIA;7;129941;21449;3862;545;123588;6979;648;567;10;287596
2021;BIELLA;3;68094;8118;616;252;47785;3515;240;107;3;128733
2021;VERBANO CUSIO OSSOLA;2;58116;4103;422;230;40937;2593;205;122;1;106731
2021;AOSTA;1;94473;2909;310;1640;129832;19346;750;114;1;249376
2021;VARESE;8;367632;19456;2479;2191;176655;24541;1305;814;24;595105
2021;COMO;14;255083;10282;1517;1739;118176;15638;970;574;14;404007
2021;SONDRIO;1;63773;1603;166;401;47954;2827;197;53;3;116978
2021;MILANO;26;1062998;106511;12885;7509;527116;80385;5762;4454;201;1807847
2021;BERGAMO;10;351409;43507;9705;2677;263343;20232;1868;3059;16;695826
2021;BRESCIA;19;365908;67051;11980;3375;340962;19826;2575;4497;23;816216
2021;PAVIA;10;177070;21883;4132;715;138746;9737;736;957;10;353996
2021;CREMONA;5;102201;13959;2944;722;97509;6262;788;954;8;225352
2021;MANTOVA;4;119610;21534;5330;748;121335;5678;814;1723;6;276782
2021;LECCO;3;123810;7788;804;884;77878;7248;538;287;3;219243
2021;LODI;3;66410;10405;1559;375;59799;3497;424;407;9;142888
2021;MONZA BRIANZA;4;334561;29678;3190;2093;174535;21178;1566;1026;30;567861
2021;BOLZANO;18;184805;6904;1489;4438;254009;17634;6363;3995;7;479662
2021;TRENTO;15;227292;22087;4732;18836;407948;38996;12176;2811;9;734902
2021;VERONA;12;246587;54559;24381;2455;268984;15943;2713;9023;23;624680
2021;VICENZA;9;247609;39884;8976;2268;260934;18322;2089;3156;3;583250
2021;BELLUNO;3;59335;4719;526;212;67594;3229;420;198;0;136236
2021;TREVISO;12;258008;41203;7510;1982;273261;15818;2255;2880;11;602940
2021;VENEZIA;6;210104;44743;8423;1342;197168;12585;1608;2374;10;478363
2021;PADOVA;12;257701;61923;16014;2039;251572;17890;2404;4880;13;614448
2021;ROVIGO;0;54363;17256;13642;249;68521;2611;444;3399;4;160489
2021;UDINE;15;196472;9684;1046;1169;150879;9562;867;281;6;369981
2021;GORIZIA;4;56370;1358;95;214;30788;2402;153;16;1;91401
2021;TRIESTE;3;83967;1563;118;313;39313;4408;259;21;5;129970
2021;PORDENONE;6;100730;9652;1512;523;98036;5500;605;595;7;217166
2021;IMPERIA;4;72432;2838;140;186;48658;3186;165;29;0;127638
2021;SAVONA;1;86829;6420;1100;283;69539;4256;365;219;2;169014
2021;GENOVA;7;229725;13157;3109;863;156228;14353;908;474;6;418830
2021;LA SPEZIA;0;62399;9241;3056;302;49062;3225;341;706;4;128336
2021;PIACENZA;6;78582;17444;6218;386;79565;4428;589;1068;2;188288
2021;PARMA;21;113890;28428;23171;723;118839;7637;1046;4376;2;298133
2021;REGGIO EMILIA;15;135344;42136;19024;1149;141077;9565;1135;3173;2;352620
2021;MODENA;4;193357;51717;20048;1375;193947;14018;1825;4092;6;480389
2021;BOLOGNA;11;249610;72987;40516;2157;219607;26698;2570;9033;17;623206
2021;FERRARA;7;86053;29108;14651;372;93510;5071;664;3106;4;232546
2021;RAVENNA;12;97783;32505;20525;673;110033;5494;842;4219;1;272087
2021;FORLI'-CESENA;9;99368;31903;15330;587;107356;5119;732;3088;3;263495
2021;RIMINI;9;96278;27416;11304;505;79101;4847;494;2708;4;222666
2021;MASSA CARRARA;0;59447;9749;3538;207;46306;2649;371;597;2;122866
2021;LUCCA;2;128160;19482;9035;575;97332;6075;789;1635;7;263092
2021;PISTOIA;2;88886;14611;5413;365;78915;3554;571;1155;2;193474
2021;FIRENZE;17;326845;43538;16148;7292;353262;35887;5848;4971;25;793833
2021;LIVORNO;5;100348;11958;4338;302;82962;4448;492;854;10;205717
2021;PISA;3;121875;23008;8729;509;118020;5869;838;2124;4;280979
2021;AREZZO;9;99149;18077;11259;385;106268;4055;594;2161;11;241968
2021;SIENA;8;78565;10651;5146;317;89139;3759;456;1378;9;189428
2021;GROSSETO;4;64523;8985;2513;193;71519;2363;319;451;3;150873
2021;PRATO;3;78661;10783;2830;337;61190;4283;672;708;4;159471
2021;PERUGIA;7;174253;34430;32637;863;230008;8052;1053;6403;15;487721
2021;TERNI;4;64956;16055;5338;223;66750;2566;296;1272;2;157462
2021;PESARO E URBINO;4;90292;19907;20450;513;99090;4182;564;5172;0;240174
2021;ANCONA;2;103486;22984;40810;628;126840;5892;830;8955;9;310436
2021;MACERATA;2;69153;12843;28859;425;98907;3068;589;7008;3;220857
2021;ASCOLI PICENO;1;53887;11931;8952;298;66345;2483;301;1416;1;145615
2021;FERMO;0;39064;8387;15082;208;55388;1417;260;2931;0;122737
2021;VITERBO;6;95505;16952;1307;288;115485;3612;416;295;2;233868
2021;RIETI;0;45978;10070;1213;135;53351;1454;129;252;1;112583
2021;ROMA;30;1323413;247251;17892;10805;1019479;94717;5214;5346;431;2724578
2021;LATINA;1;148990;31054;4235;594;190680;5699;617;691;2;382563
2021;FROSINONE;2;138970;33983;5117;446;177717;3794;444;807;34;361314
2021;L'AQUILA;4;84653;15141;2837;302;110096;3064;340;530;2;216969
2021;TERAMO;1;80465;18250;10262;346;101557;3146;401;1706;2;216136
2021;PESCARA;3;86383;16896;5907;354;87821;3631;434;921;0;202350
2021;CHIETI;3;102404;20281;5396;345;130951;3641;370;953;10;264354
2021;CAMPOBASSO;4;50073;10381;4851;126;83404;1424;173;531;0;150967
2021;ISERNIA;2;22564;3565;397;42;37261;452;81;51;1;64416
2021;CASERTA;3;221878;62348;11627;611;286018;4476;608;710;18;588297
2021;BENEVENTO;1;63425;14696;4539;154;101636;1673;196;546;4;186870
2021;NAPOLI;13;869215;209810;39842;1193;693821;12978;1469;2287;129;1830757
2021;AVELLINO;3;92899;25190;8623;209;143028;2127;334;873;2;273288
2021;SALERNO;6;267095;57835;20026;778;349868;5794;886;2128;21;704437
2021;FOGGIA;2;114254;18138;11305;189;205478;3075;430;1404;6;354281
2021;BARI;8;252380;49987;23785;900;384111;9334;1323;3816;27;725671
2021;TARANTO;2;129670;19707;4313;296;190388;2978;444;1028;13;348839
2021;BRINDISI;1;96248;13867;5405;216;138202;2003;419;585;15;256961
2021;LECCE;8;198109;39894;12464;536;265590;3953;781;2000;22;523357
2021;BARLETTA TRANI;0;84878;10825;2459;148;125292;2238;300;398;3;226541
2021;POTENZA;1;92839;13984;4421;224;138732;2234;318;976;4;253733
2021;MATERA;0;43624;5163;1943;163;76015;1305;194;329;0;128736
2021;COSENZA;7;201360;15487;2869;410;274224;4059;568;580;23;499587
2021;CATANZARO;1;100832;8110;648;221;125060;2901;363;327;8;238471
2021;REGGIO CALABRIA;3;168166;12779;1579;216;184130;3547;331;223;12;370986
2021;CROTONE;0;43443;3586;347;29;60524;852;111;37;0;108929
2021;VIBO VALENTIA;1;49213;3442;200;47;57463;880;121;53;2;111422
2021;TRAPANI;2;139458;10262;533;212;143399;2595;268;67;7;296803
2021;PALERMO;4;384328;42481;3721;653;335629;8557;639;1066;35;777113
2021;MESSINA;3;217603;14936;1367;377;188380;3815;357;472;23;427333
2021;AGRIGENTO;4;125980;6601;545;133;161953;1936;183;47;6;297388
2021;CALTANISSETTA;0;71722;4194;974;82;89537;1175;144;63;4;167895
2021;ENNA;0;45638;2561;199;56;59221;598;66;36;1;108376
2021;CATANIA;5;400234;35046;7782;938;389147;6429;845;1117;29;841572
2021;RAGUSA;1;100336;7018;2061;320;114779;2809;314;264;14;227916
2021;SIRACUSA;1;121877;8625;1479;325;137671;3170;300;176;10;273634
2021;SASSARI;3;163452;8562;225;494;152450;4010;353;22;13;329584
2021;NUORO;1;65150;2816;82;182;79981;1322;132;7;0;149673
2021;CAGLIARI;0;144083;7039;111;613;124933;5422;338;14;13;282566
2021;ORISTANO;0;47329;2409;49;135;54899;786;75;4;0;105686
2021;NON DEFINITO;0;9625;227;63;0;2255;0;0;2;3997;16169
2021;SUD SARDEGNA;0;97905;5058;98;229;116931;2016;136;9;6;222388